name,description,unitPrice
Blue Every,Bar yes likely on half property animal which cut by despite race throughout.,212.41
Politics Worry,Through across he fast around majority discussion sister high reveal.,341.16
Baby Send,Each store interview social fish better also single product player voice.,25.72
Blue Floor,Quality person lay reflect expect social and indicate dark three.,55.78
Recent Threat,Itself not together left benefit according wall interest together.,312.45
Bring Sense,Organization hold interesting door likely beautiful ahead hundred task off.,239.54
Choose Wind,Almost article network person trade same especially support marriage peace.,455.2
Thought Drop,Notice free meet last professor cold lot expect become let PM ten star.,143.33
Probably Meet,Leader compare force consumer top fine right fund in now forget.,499.6
Very Send,Newspaper kitchen turn mind heart sense subject.,34.41
Project Partner,Time color foot prove bad evening health sit small.,429.64
Bar Along,Those think about player middle why mission else democratic long investment product clearly.,225.73
Chance Large,Represent health morning know significant instead performance red many.,306.48
Degree North,Take defense side physical senior vote identify same green.,260.18
Help This,Surface cost kind growth full sing could seek more consumer.,453.36
Economic Here,Change option impact character away reach.,12.52
Goal Spring,Baby economic action customer build speech challenge.,20.26
Baby New,Lawyer record rock sign seek now describe choose.,14.56
Able Enter,Near couple hundred later number third finish bed.,264.43
Large Kind,Speak do agent drop another get ago author this cup away art.,336.63
Far Beautiful,Follow job clearly million there top quickly bank light this sound.,125.24
Hold Research,Probably generation safe ever move often need night able anyone play remember.,470.5
Various Space,Task executive Mrs another interview draw sell best personal girl.,439.12
Movement Wait,Center suddenly chance weight model south teacher officer simple power worker well produce.,222.24
True Billion,Test anyone fund unit many help whatever.,193.59
Attorney Able,Many benefit allow cause international station catch buy.,388.84
Adult Strong,Environmental trade them old bit my learn meet her.,95.68
Pressure A,Same according safe political property can such plant.,327.64
Amount Seek,Claim central effort contain she war left.,456.74
Range Group,Bar heart beat maybe fight whatever Mrs feel account per.,392.92
Economic Loss,Ready relationship ahead yourself huge any police both.,256.78
Step Hope,Total impact agent amount fear difficult maybe pass current.,371.51
Community Company,Upon view can able agreement finally instead about manage book Mr American.,213.3
Know Politics,Local forget break of identify despite another country trip night human.,28.09
Hard Skin,Participant wife a beyond window arrive forget.,56.9
City Training,Enter power arrive no manage practice political property.,233.53
Social Prove,Door sister fast treat sit tonight hit factor suddenly investment black.,445.11
Class Put,World case response leader information before energy bag determine feeling trade training month.,56.41
Continue Head,Consider act any two industry meeting them born the analysis news friend.,276.97
Not Tree,Management dark travel cell program professor will security work he.,377.36
History About,Themselves charge bank there seek science could go.,319.23
Film Go,Out note message space bit especially hit develop.,80.19
Attorney True,Wish change campaign price TV generation.,456.71
Brother Significant,Rich investment subject democratic thank front action also all.,40.44
Professional Start,Charge fall view indicate shake heavy age actually through ground.,293.47
Rise Effort,Hospital plant manager couple moment war.,456.6
Name Whether,Production prove number author produce someone both house set but fish image.,359.43
Laugh Against,Hundred know great pressure pattern seat cup half.,433.61
According World,Notice lot begin energy yeah nature space.,327.29
Person Return,Miss chance little understand government six share central.,119.88
Store American,Start large especially everybody sell different.,373.44
Popular Personal,Maintain local science truth apply sort together against step up herself which almost.,170.49
So Another,Strategy level try decision early long building start series give ago strategy.,79.95
Suddenly Economy,Mission around trial small individual body with.,184.02
Can Of,Have act certainly trip rock live majority be page station significant.,496.18
Model Dark,Week add record activity dream property.,244.66
Dog Realize,Likely foot bank truth guy reality worker last.,385.42
Contain Admit,Mother can four family field word set.,184.24
Investment Conference,Market play research above see join me high area message yourself.,153.73
Enjoy Citizen,Either guy look story a career.,213.83
Boy Begin,Center do such government develop politics bring.,20.93
Actually Support,Item who act unit son floor outside discussion.,491.92
Doctor Tough,Base second scientist bad grow decade hear let former save term town together.,14.76
Magazine Small,Movement two myself while enter environment tend painting travel realize.,156.34
Oil Strategy,Late movement pick chance pull image your federal trip.,398.39
Choice Product,Attack production chair trade be story pattern.,226.1
Develop Trip,Sell sit talk tonight safe wish support economic business.,429.09
Maintain War,Do record nor box success nor some.,242.9
West Save,Only field camera easy time student school idea partner movement.,231.29
Brother Customer,Chance coach participant market class such again nor run.,431.49
Investment Nature,Who remember back begin skill response recently current culture.,486.94
Sell Wall,Political these plan strategy hundred magazine next do.,296.95
Care Different,Exactly for rather dog carry rich.,52.14
Affect Ok,Join meet between discuss our something agree.,282.85
Through Pick,Somebody message staff detail beautiful former fine realize positive clear.,43.95
Person Join,School move tend case claim long early computer research friend.,317.61
Under Establish,Thought sure picture their star final above Congress always similar theory degree.,337.47
Around Wife,Least example laugh dark performance television leave also.,52.54
Perhaps Recognize,First weight various shoulder build nice important remember same.,409.26
Thousand Health,Sign against effect including activity this both raise brother music.,165.71
Not Seek,Heart rate couple effect perform suddenly improve.,113.81
Hotel Set,Maybe financial democratic source project book seek must foot purpose good drug.,88.52
Instead Loss,Ago none position tend popular simple science moment while black.,345.8
From Show,Carry sometimes theory culture view eye red bit great floor way.,31.68
Capital Site,Chance perform receive turn nature dinner cup attorney star very question professional.,186.06
Him Quite,General person be weight goal staff.,272.85
Exactly Law,Item its through positive particularly mean walk according TV reveal shake federal program.,428.9
Tonight Single,Happy left event skin in share side.,199.78
Return Would,Forget quality herself specific final toward level sea probably bill.,216.13
Receive Become,Actually remain paper career food sister science foreign above ground.,209.91
Song Meet,Rich sign never reveal media human worry accept.,144.93
Tax More,Recognize who allow business large late include evidence need statement year.,358.91
Newspaper Where,White score road car him name child herself rest three help western every.,187.72
Value View,South pass war no later high try school sister mention not.,89.05
Computer Which,Professional program degree generation common brother realize avoid determine enter.,482.27
She Join,New environment hand serious say prevent a simply begin television color nor tonight.,446.07
Five Agree,Mother administration agency significant difficult democratic.,119.76
Cup Work,Difference speak recently tree top amount try on.,251.82
Increase Set,Size field such crime eat onto yard fear friend relate job among.,494.37
Hour Sure,Pay statement suddenly star air agree hotel class color or.,71.67
Moonaz,Software Engineer,28000
